PubmedID,Title,Publication Date,Non-academic Author(s),Company Affiliation(s),Corresponding Author Email
40644510,Innate lymphoid cells originate from fetal liver-derived tissue-resident progenitors.,2025,Lucas Rebuffet; Eric Vivier,"Aix Marseille Université, CNRS (Centre National de la Recherche Scientifique), INSERM (Institut National de la Santé et de la Recherche Médicale), Centre d'Immunologie de Marseille-Luminy, Marseille, France.",
40643584,Microbiota shape metabolic and immune determinants of CAR-T therapy and correlate with outcomes in myeloma.,2025,Neus Martínez-Micaelo; Daniel Benitez-Ribas; Núria Amigó; Beatriz Martin-Antonio; Paula Rodriguez-Otero,"Biosfer Teslab ,Department of Basic Medical Sciences, Universitat Rovira i Virgili, Reus, Spain.; Consorci Institut D'Investigacions Biomediques August Pi I Sunyer, Spain.; Biosfer Teslab, Spain.; Clinica Universidad de Navarra, Pamplona, Spain.; Instituto de Salud Carlos III, Spain.",
40643559,Correction: Ferraresi et al. Resveratrol Contrasts LPA-Induced Ovarian Cancer Cell Migration and Platinum Resistance by Rescuing Hedgehog-Mediated Autophagy. ,2025,Alessandra Ferraresi; Andrea Esposito; Carlo Girone; Letizia Vallino; Amreen Salwa; Ian Ghezzi; Suyanee Thongchot; Chiara Vidoni; Ciro Isidoro,"Laboratory of Molecular Pathology, Department of Health Sciences, Università del Piemonte Orientale ""A. Avogadro"", Via Solaroli 17, 28100 Novara, Italy.",
40643516,Immunotherapy for Platinum-Resistant Ovarian Cancer as a Glimmer of Hope.,2025,Jan Brancewicz,"Cellis AG, Bleicherweg 45, 8002 Zurich, Switzerland.",
40643499,Effects of Mesenchymal Stem Cells on Functions of Chimeric Antigen Receptor-Expressing T Lymphocytes and Natural Killer Cells.,2025,Carl Randall Harrell,"Regenerative Processing Plant, LLC, 34176 US Highway 19 N, Palm Harbor, FL 34684, USA.",
40643492,Perioperative Management of Non-Small Cell Lung Cancer in the Era of Immunotherapy.,2025,Ilgen Mender; Sergei Gryaznov,"Department of Research and Development, MAIA Biotechnology, Inc., Chicago, IL 60606, USA.",
40643455,[Complex therapy for non-melanotic skin cancers in the head and neck region].,2025,Adrienn Herczeg; István Fodor; Attila Füzes; Ferenc Oberna,"Fej-nyaki Daganatok Multidiszciplináris Központ, Országos Onkológiai Intézet, Budapest, Hungary. herczeg.adrienn@oncol.hu.",herczeg.adrienn@oncol.hu.
40643452,[Recent advances in the systemic treatment of head and neck cancers].,2025,Tamás Pintér,"Fej-nyaki Daganatok Multidiszciplináris Központ, Országos Onkológiai Intézet, Klinikai Onkológiai Osztály, Budapest, Hungary. pinter.tamas@oncol.hu.",pinter.tamas@oncol.hu.
40643447,"[MP-MRI in the evaluation of non-operative treatment response, for residual and recurrent tumor detection in head and neck cancer].",2025,Mária Gődény,"Onkológiai Képalkotó és Invazív Diagnosztikai Központ, Országos Onkológiai Intézet, Budapest, Hungary. godeny.maria@oncol.hu.",godeny.maria@oncol.hu.
